Drug Name,SMILES
ilomastat,CC(C)CC(CC(=O)NO)C(=O)NC(CC1=CNC2=CC=CC=C21)C(=O)NC
clofarabine,C1=NC2=C(N=C(N=C2N1C3C(C(C(O3)CO)O)F)Cl)N
cimetidine,CC1=C(N=CN1)CSCCNC(=NC)NC#N
mg-132,CC(C)CC(C=O)NC(=O)C(CC(C)C)NC(=O)C(CC(C)C)NC(=O)OCC1=CC=CC=C1
terfenadine,CC(C)(C)C1=CC=C(C=C1)C(CCCN2CCC(CC2)C(C3=CC=CC=C3)(C4=CC=CC=C4)O)O
dexrazoxane,CC(CN1CC(=O)NC(=O)C1)N2CC(=O)NC(=O)C2
nifedipine,CC1=C(C(C(=C(N1)C)C(=O)OC)C2=CC=CC=C2[N+](=O)[O-])C(=O)OC
fluocinonide,CC(=O)OCC(=O)C12C(CC3C1(CC(C4(C3CC(C5=CC(=O)C=CC54C)F)F)O)C)OC(O2)(C)C
entacapone,CCN(CC)C(=O)C(=CC1=CC(=C(C(=C1)O)O)[N+](=O)[O-])C#N
fenobam,CN1CC(=O)NC1=NC(=O)NC2=CC(=CC=C2)Cl
cilnidipine,CC1=C(C(C(=C(N1)C)C(=O)OCC=CC2=CC=CC=C2)C3=CC(=CC=C3)[N+](=O)[O-])C(=O)OCCOC
clofazimine,CC(C)N=C1C=C2C(=NC3=CC=CC=C3N2C4=CC=C(C=C4)Cl)C=C1NC5=CC=C(C=C5)Cl
cytarabine,C1=CN(C(=O)N=C1N)C2C(C(C(O2)CO)O)O
carprofen,CC(C1=CC2=C(C=C1)C3=C(N2)C=CC(=C3)Cl)C(=O)O
fenbendazole,COC(=O)NC1=NC2=C(N1)C=C(C=C2)SC3=CC=CC=C3
rebamipide,C1=CC=C2C(=C1)C(=CC(=O)N2)CC(C(=O)O)NC(=O)C3=CC=C(C=C3)Cl
colchicine,CC(=O)NC1CCC2=CC(=C(C(=C2C3=CC=C(C(=O)C=C13)OC)OC)OC)OC
sulfamethizole,CC1=NN=C(S1)NS(=O)(=O)C2=CC=C(C=C2)N
irbesartan,CCCCC1=NC2(CCCC2)C(=O)N1CC3=CC=C(C=C3)C4=CC=CC=C4C5=NNN=N5
dexamethasone,CC1CC2C3CCC4=CC(=O)C=CC4(C3(C(CC2(C1(C(=O)CO)O)C)O)F)C
amlexanox,CC(C)C1=CC2=C(C=C1)OC3=NC(=C(C=C3C2=O)C(=O)O)N
levonorgestrel,CCC12CCC3C(C1CCC2(C#C)O)CCC4=CC(=O)CCC34
ezetimibe,C1=CC(=CC=C1C2C(C(=O)N2C3=CC=C(C=C3)F)CCC(C4=CC=C(C=C4)F)O)O
clotrimazole,C1=CC=C(C=C1)C(C2=CC=CC=C2)(C3=CC=CC=C3Cl)N4C=CN=C4
bms-536924,CC1=CC(=CC2=C1N=C(N2)C3=C(C=CNC3=O)NCC(C4=CC(=CC=C4)Cl)O)N5CCOCC5
sildenafil,CCCC1=NN(C2=C1N=C(NC2=O)C3=C(C=CC(=C3)S(=O)(=O)N4CCN(CC4)C)OCC)C
tizanidine,C1CN=C(N1)NC2=C(C=CC3=NSN=C32)Cl
dorsomorphin,C1CCN(CC1)CCOC2=CC=C(C=C2)C3=CN4C(=C(C=N4)C5=CC=NC=C5)N=C3
ouabain,CC1C(C(C(C(O1)OC2CC(C3(C4C(CCC3(C2)O)C5(CCC(C5(CC4O)C)C6=CC(=O)OC6)O)CO)O)O)O)O
chloramphenicol,C1=CC(=CC=C1C(C(CO)NC(=O)C(Cl)Cl)O)[N+](=O)[O-]
sorafenib,CNC(=O)C1=NC=CC(=C1)OC2=CC=C(C=C2)NC(=O)NC3=CC(=C(C=C3)Cl)C(F)(F)F
pazopanib,CC1=C(C=C(C=C1)NC2=NC=CC(=N2)N(C)C3=CC4=NN(C(=C4C=C3)C)C)S(=O)(=O)N
selegiline,CC(CC1=CC=CC=C1)N(C)CC#C
econazole,C1=CC(=CC=C1COC(CN2C=CN=C2)C3=C(C=C(C=C3)Cl)Cl)Cl
parbendazole,CCCCC1=CC2=C(C=C1)N=C(N2)NC(=O)OC
triamterene,C1=CC=C(C=C1)C2=NC3=C(N=C(N=C3N=C2N)N)N
guaifenesin,COC1=CC=CC=C1OCC(CO)O
loratadine,CCOC(=O)N1CCC(=C2C3=C(CCC4=C2N=CC=C4)C=C(C=C3)Cl)CC1
phenindione,C1=CC=C(C=C1)C2C(=O)C3=CC=CC=C3C2=O
omeprazole,CC1=CN=C(C(=C1OC)C)CS(=O)C2=NC3=C(N2)C=C(C=C3)OC
forskolin,CC(=O)OC1C(C2C(CCC(C2(C3(C1(OC(CC3=O)(C)C=C)C)O)C)O)(C)C)O
ku-0063794,CC1CN(CC(O1)C)C2=NC3=C(C=CC(=N3)C4=CC(=C(C=C4)OC)CO)C(=N2)N5CCOCC5
rifabutin,CC1C=CC=C(C(=O)NC2=C(C3=C(C4=C(C(=C3O)C)OC(C4=O)(OC=CC(C(C(C(C(C(C1O)C)O)C)OC(=O)C)C)OC)C)C5=NC6(CCN(CC6)CC(C)C)N=C25)O)C
sns-314,C1=CC(=CC(=C1)Cl)NC(=O)NC2=NC=C(S2)CCNC3=NC=NC4=C3SC=C4
flumequine,CC1CCC2=C3N1C=C(C(=O)C3=CC(=C2)F)C(=O)O
arbutin,C1=CC(=CC=C1O)OC2C(C(C(C(O2)CO)O)O)O
resveratrol,C1=CC(=CC=C1C=CC2=CC(=CC(=C2)O)O)O
stavudine,CC1=CN(C(=O)NC1=O)C2C=CC(O2)CO
telmisartan,CCCC1=NC2=C(N1CC3=CC=C(C=C3)C4=CC=CC=C4C(=O)O)C=C(C=C2C)C5=NC6=CC=CC=C6N5C
busulfan,CS(=O)(=O)OCCCCOS(=O)(=O)C
betamethasone,CC1CC2C3CCC4=CC(=O)C=CC4(C3(C(CC2(C1(C(=O)CO)O)C)O)F)C
sulfamerazine,CC1=NC(=NC=C1)NS(=O)(=O)C2=CC=C(C=C2)N
flubendazole,COC(=O)NC1=NC2=C(N1)C=C(C=C2)C(=O)C3=CC=C(C=C3)F
carisoprodol,CCCC(C)(COC(=O)N)COC(=O)NC(C)C
ivachtin,CC1=C2C(=C3C=C(C=CC3=N1)S(=O)(=O)N4CCOCC4)C(=O)N(C2=O)CCOC(=O)C
lomefloxacin,CCN1C=C(C(=O)C2=CC(=C(C(=C21)F)N3CCNC(C3)C)F)C(=O)O
reserpine,COC1C(CC2CN3CCC4=C(C3CC2C1C(=O)OC)NC5=C4C=CC(=C5)OC)OC(=O)C6=CC(=C(C(=C6)OC)OC)OC
suprofen,CC(C1=CC=C(C=C1)C(=O)C2=CC=CS2)C(=O)O
acemetacin,CC1=C(C2=C(N1C(=O)C3=CC=C(C=C3)Cl)C=CC(=C2)OC)CC(=O)OCC(=O)O
rifapentine,CC1C=CC=C(C(=O)NC2=C(C(=C3C(=C2O)C(=C(C4=C3C(=O)C(O4)(OC=CC(C(C(C(C(C(C1O)C)O)C)OC(=O)C)C)OC)C)C)O)O)C=NN5CCN(CC5)C6CCCC6)C
curcumin,COC1=C(C=CC(=C1)C=CC(=O)CC(=O)C=CC2=CC(=C(C=C2)O)OC)O
daidzein,C1=CC(=CC=C1C2=COC3=C(C2=O)C=CC(=C3)O)O
halcinonide,CC1(OC2CC3C4CCC5=CC(=O)CCC5(C4(C(CC3(C2(O1)C(=O)CCl)C)O)F)C)C
dydrogesterone,CC(=O)C1CCC2C1(CCC3C2C=CC4=CC(=O)CCC34C)C
imatinib,CC1=C(C=C(C=C1)NC(=O)C2=CC=C(C=C2)CN3CCN(CC3)C)NC4=NC=CC(=N4)C5=CN=CC=C5
enzastaurin,CN1C=C(C2=CC=CC=C21)C3=C(C(=O)NC3=O)C4=CN(C5=CC=CC=C54)C6CCN(CC6)CC7=CC=CC=N7
valdecoxib,CC1=C(C(=NO1)C2=CC=CC=C2)C3=CC=C(C=C3)S(=O)(=O)N
trioxsalen,CC1=CC(=O)OC2=C1C=C3C=C(OC3=C2C)C
nizatidine,CNC(=C[N+](=O)[O-])NCCSCC1=CSC(=N1)CN(C)C
nevirapine,CC1=C2C(=NC=C1)N(C3=C(C=CC=N3)C(=O)N2)C4CC4
norepinephrine,C1=CC(=C(C=C1C(CN)O)O)O
sunitinib,CCN(CC)CCNC(=O)C1=C(NC(=C1C)C=C2C3=C(C=CC(=C3)F)NC2=O)C
emetine,CCC1CN2CCC3=CC(=C(C=C3C2CC1CC4C5=CC(=C(C=C5CCN4)OC)OC)OC)OC
procaterol,CCC(C(C1=C2C=CC(=O)NC2=C(C=C1)O)O)NC(C)C
gabapentin,C1CCC(CC1)(CC(=O)O)CN
benzocaine,CCOC(=O)C1=CC=C(C=C1)N
lfm-a13,CC(=C(C#N)C(=O)NC1=C(C=CC(=C1)Br)Br)O
coumarin,C1=CC=C2C(=C1)C=CC(=O)O2
pf-3845,C1CN(CCC1CC2=CC(=CC=C2)OC3=NC=C(C=C3)C(F)(F)F)C(=O)NC4=CN=CC=C4
progesterone,CC(=O)C1CCC2C1(CCC3C2CCC4=CC(=O)CCC34C)C
nifenazone,CC1=C(C(=O)N(N1C)C2=CC=CC=C2)NC(=O)C3=CN=CC=C3
tigecycline,CC(C)(C)NCC(=O)NC1=CC(=C2CC3CC4C(C(=O)C(=C(C4(C(=O)C3=C(C2=C1O)O)O)O)C(=O)N)N(C)C)N(C)C
nimodipine,CC1=C(C(C(=C(N1)C)C(=O)OC(C)C)C2=CC(=CC=C2)[N+](=O)[O-])C(=O)OCCOC
nifekalant,CN1C(=CC(=O)N(C1=O)C)NCCN(CCCC2=CC=C(C=C2)[N+](=O)[O-])CCO
cinacalcet,CC(C1=CC=CC2=CC=CC=C21)NCCCC3=CC(=CC=C3)C(F)(F)F
etodolac,CCC1=C2C(=CC=C1)C3=C(N2)C(OCC3)(CC)CC(=O)O
glipizide,CC1=CN=C(C=N1)C(=O)NCCC2=CC=C(C=C2)S(=O)(=O)NC(=O)NC3CCCCC3
tolbutamide,CCCCNC(=O)NS(=O)(=O)C1=CC=C(C=C1)C
zebularine,C1=CN(C(=O)N=C1)C2C(C(C(O2)CO)O)O
ronidazole,CN1C(=CN=C1COC(=O)N)[N+](=O)[O-]
ranolazine,CC1=C(C(=CC=C1)C)NC(=O)CN2CCN(CC2)CC(COC3=CC=CC=C3OC)O
azacyclonol,C1CNCCC1C(C2=CC=CC=C2)(C3=CC=CC=C3)O
cycloheximide,CC1CC(C(=O)C(C1)C(CC2CC(=O)NC(=O)C2)O)C
ziprasidone,C1CN(CCN1CCC2=C(C=C3C(=C2)CC(=O)N3)Cl)C4=NSC5=CC=CC=C54
altrenogest,CC12C=CC3=C4CCC(=O)C=C4CCC3C1CCC2(CC=C)O
fluvoxamine,COCCCCC(=NOCCN)C1=CC=C(C=C1)C(F)(F)F
chlormezanone,CN1C(S(=O)(=O)CCC1=O)C2=CC=C(C=C2)Cl
phenelzine,C1=CC=C(C=C1)CCNN
sumatriptan,CNS(=O)(=O)CC1=CC2=C(C=C1)NC=C2CCN(C)C
droxinostat,CC1=C(C=CC(=C1)Cl)OCCCC(=O)NO
lonidamine,C1=CC=C2C(=C1)C(=NN2CC3=C(C=C(C=C3)Cl)Cl)C(=O)O
azithromycin,CCC1C(C(C(N(CC(CC(C(C(C(C(C(=O)O1)C)OC2CC(C(C(O2)C)O)(C)OC)C)OC3C(C(CC(O3)C)N(C)C)O)(C)O)C)C)C)O)(C)O
evodiamine,CN1C2C3=C(CCN2C(=O)C4=CC=CC=C41)C5=CC=CC=C5N3
eliprodil,C1CN(CCC1CC2=CC=C(C=C2)F)CC(C3=CC=C(C=C3)Cl)O
balsalazide,C1=CC(=CC=C1C(=O)NCCC(=O)O)N=NC2=CC(=C(C=C2)O)C(=O)O
gnf-2,C1=CC(=CC(=C1)C(=O)N)C2=CC(=NC=N2)NC3=CC=C(C=C3)OC(F)(F)F
dopamine,C1=CC(=C(C=C1CCN)O)O
pranoprofen,CC(C1=CC2=C(C=C1)OC3=C(C2)C=CC=N3)C(=O)O
bimatoprost,CCNC(=O)CCCC=CCC1C(CC(C1C=CC(CCC2=CC=CC=C2)O)O)O
tenovin-1,CC(=O)NC1=CC=C(C=C1)NC(=S)NC(=O)C2=CC=C(C=C2)C(C)(C)C
papaverine,COC1=C(C=C(C=C1)CC2=NC=CC3=CC(=C(C=C32)OC)OC)OC
nialamide,C1=CC=C(C=C1)CNC(=O)CCNNC(=O)C2=CC=NC=C2
sulfamethoxazole,CC1=CC(=NO1)NS(=O)(=O)C2=CC=C(C=C2)N
oxibendazole,CCCOC1=CC2=C(C=C1)N=C(N2)NC(=O)OC
bifonazole,C1=CC=C(C=C1)C2=CC=C(C=C2)C(C3=CC=CC=C3)N4C=CN=C4
daphnetin,C1=CC(=C(C2=C1C=CC(=O)O2)O)O
tranylcypromine,C1C(C1N)C2=CC=CC=C2
maraviroc,CC1=NN=C(N1C2CC3CCC(C2)N3CCC(C4=CC=CC=C4)NC(=O)C5CCC(CC5)(F)F)C(C)C
bufexamac,CCCCOC1=CC=C(C=C1)CC(=O)NO
alfacalcidol,CC(C)CCCC(C)C1CCC2C1(CCCC2=CC=C3CC(CC(C3=C)O)O)C
aminophylline,CN1C2=C(C(=O)N(C1=O)C)NC=N2.CN1C2=C(C(=O)N(C1=O)C)NC=N2.C(CN)N
trifluoperazine,CN1CCN(CC1)CCCN2C3=CC=CC=C3SC4=C2C=C(C=C4)C(F)(F)F
marbofloxacin,CN1CCN(CC1)C2=C(C=C3C4=C2OCN(N4C=C(C3=O)C(=O)O)C)F
diphenhydramine,CN(C)CCOC(C1=CC=CC=C1)C2=CC=CC=C2
erastin,CCOC1=CC=CC=C1N2C(=O)C3=CC=CC=C3N=C2C(C)N4CCN(CC4)C(=O)COC5=CC=C(C=C5)Cl
cefaclor,C1C(=C(N2C(S1)C(C2=O)NC(=O)C(C3=CC=CC=C3)N)C(=O)O)Cl
acarbose,CC1C(C(C(C(O1)OC2C(OC(C(C2O)O)OC3C(OC(C(C3O)O)O)CO)CO)O)O)NC4C=C(C(C(C4O)O)O)CO
rofecoxib,CS(=O)(=O)C1=CC=C(C=C1)C2=C(C(=O)OC2)C3=CC=CC=C3
bisoprolol,CC(C)NCC(COC1=CC=C(C=C1)COCCOC(C)C)O
hexestrol,CCC(C1=CC=C(C=C1)O)C(CC)C2=CC=C(C=C2)O
ethionamide,CCC1=NC=CC(=C1)C(=S)N
lacidipine,CCOC(=O)C1=C(NC(=C(C1C2=CC=CC=C2C=CC(=O)OC(C)(C)C)C(=O)OCC)C)C
aliskiren,CC(C)C(CC1=CC(=C(C=C1)OC)OCCCOC)CC(C(CC(C(C)C)C(=O)NCC(C)(C)C(=O)N)O)N
cyproheptadine,CN1CCC(=C2C3=CC=CC=C3C=CC4=CC=CC=C42)CC1
salicin,C1=CC=C(C(=C1)CO)OC2C(C(C(C(O2)CO)O)O)O
cephalexin,CC1=C(N2C(C(C2=O)NC(=O)C(C3=CC=CC=C3)N)SC1)C(=O)O
linezolid,CC(=O)NCC1CN(C(=O)O1)C2=CC(=C(C=C2)N3CCOCC3)F
bx-912,C1CCN(C1)C(=O)NC2=CC=CC(=C2)NC3=NC=C(C(=N3)NCCC4=CN=CN4)Br
flutamide,CC(C)C(=O)NC1=CC(=C(C=C1)[N+](=O)[O-])C(F)(F)F
sulfapyridine,C1=CC=NC(=C1)NS(=O)(=O)C2=CC=C(C=C2)N
estriol,CC12CCC3C(C1CC(C2O)O)CCC4=C3C=CC(=C4)O
closantel,CC1=CC(=C(C=C1NC(=O)C2=C(C(=CC(=C2)I)I)O)Cl)C(C#N)C3=CC=C(C=C3)Cl
nimesulide,CS(=O)(=O)NC1=C(C=C(C=C1)[N+](=O)[O-])OC2=CC=CC=C2
pantoprazole,COC1=C(C(=NC=C1)CS(=O)C2=NC3=C(N2)C=C(C=C3)OC(F)F)OC
ruxolitinib,C1CCC(C1)C(CC#N)N2C=C(C=N2)C3=C4C=CNC4=NC=N3
triamcinolone,CC12CC(C3(C(C1CC(C2(C(=O)CO)O)O)CCC4=CC(=O)C=CC43C)F)O
piracetam,C1CC(=O)N(C1)CC(=O)N
valsartan,CCCCC(=O)N(CC1=CC=C(C=C1)C2=CC=CC=C2C3=NNN=N3)C(C(C)C)C(=O)O
aprepitant,CC(C1=CC(=CC(=C1)C(F)(F)F)C(F)(F)F)OC2C(N(CCO2)CC3=NNC(=O)N3)C4=CC=C(C=C4)F
citalopram,CN(C)CCCC1(C2=C(CO1)C=C(C=C2)C#N)C3=CC=C(C=C3)F
indirubin,C1=CC=C2C(=C1)C(=C(N2)O)C3=NC4=CC=CC=C4C3=O
famotidine,C1=C(N=C(S1)N=C(N)N)CSCCC(=NS(=O)(=O)N)N
sant-1,CC1=C(C(=NN1C2=CC=CC=C2)C)C=NN3CCN(CC3)CC4=CC=CC=C4
idebenone,CC1=C(C(=O)C(=C(C1=O)OC)OC)CCCCCCCCCCO
fluphenazine,C1CN(CCN1CCCN2C3=CC=CC=C3SC4=C2C=C(C=C4)C(F)(F)F)CCO
pioglitazone,CCC1=CN=C(C=C1)CCOC2=CC=C(C=C2)CC3C(=O)NC(=O)S3
fasudil,C1CNCCN(C1)S(=O)(=O)C2=CC=CC3=C2C=CN=C3
tropisetron,CN1C2CCC1CC(C2)OC(=O)C3=CNC4=CC=CC=C43
zonisamide,C1=CC=C2C(=C1)C(=NO2)CS(=O)(=O)N
luteolin,C1=CC(=C(C=C1C2=CC(=O)C3=C(C=C(C=C3O2)O)O)O)O
ticlopidine,C1CN(CC2=C1SC=C2)CC3=CC=CC=C3Cl
pci-34051,COC1=CC=C(C=C1)CN2C=CC3=C2C=C(C=C3)C(=O)NO
tw-37,CC(C)C1=CC=CC=C1CC2=CC(=C(C(=C2O)O)O)C(=O)NC3=CC=C(C=C3)S(=O)(=O)C4=CC=CC=C4C(C)(C)C
nilutamide,CC1(C(=O)N(C(=O)N1)C2=CC(=C(C=C2)[N+](=O)[O-])C(F)(F)F)C
flunarizine,C1CN(CCN1CC=CC2=CC=CC=C2)C(C3=CC=C(C=C3)F)C4=CC=C(C=C4)F
methenamine,C1N2CN3CN1CN(C2)C3
cinchonine,C=CC1CN2CCC1CC2C(C3=CC=NC4=CC=CC=C34)O
mebendazole,COC(=O)NC1=NC2=C(N1)C=C(C=C2)C(=O)C3=CC=CC=C3
rimantadine,CC(C12CC3CC(C1)CC(C3)C2)N
thiamphenicol,CS(=O)(=O)C1=CC=C(C=C1)C(C(CO)NC(=O)C(Cl)Cl)O
clonidine,C1CN=C(N1)NC2=C(C=CC=C2Cl)Cl
glimepiride,CCC1=C(CN(C1=O)C(=O)NCCC2=CC=C(C=C2)S(=O)(=O)NC(=O)NC3CCC(CC3)C)C
bisacodyl,CC(=O)OC1=CC=C(C=C1)C(C2=CC=C(C=C2)OC(=O)C)C3=CC=CC=N3
sulfasalazine,C1=CC=NC(=C1)NS(=O)(=O)C2=CC=C(C=C2)N=NC3=CC(=C(C=C3)O)C(=O)O
dacarbazine,CN(C)N=NC1=C(NC=N1)C(=O)N
levofloxacin,CC1COC2=C3N1C=C(C(=O)C3=CC(=C2N4CCN(CC4)C)F)C(=O)O
hydralazine,C1=CC=C2C(=C1)C=NN=C2NN
polydatin,C1=CC(=CC=C1/C=C/C2=CC(=CC(=C2)O[C@H]3[C@@H]([C@H]([C@@H]([C@H](O3)CO)O)O)O)O)O
ethosuximide,CCC1(CC(=O)NC1=O)C
cyclophosphamide,C1CNP(=O)(OC1)N(CCCl)CCCl
pefloxacin,CCN1C=C(C(=O)C2=CC(=C(C=C21)N3CCN(CC3)C)F)C(=O)O
edaravone,CC1=NN(C(=O)C1)C2=CC=CC=C2
enmd-2076,CC1=CC(=NN1)NC2=CC(=NC(=N2)C=CC3=CC=CC=C3)N4CCN(CC4)C
lansoprazole,CC1=C(C=CN=C1CS(=O)C2=NC3=CC=CC=C3N2)OCC(F)(F)F
bezafibrate,CC(C)(C(=O)O)OC1=CC=C(C=C1)CCNC(=O)C2=CC=C(C=C2)Cl
benfotiamine,CC1=NC=C(C(=N1)N)CN(C=O)C(=C(CCOP(=O)(O)O)SC(=O)C2=CC=CC=C2)C
docetaxel,CC1=C2C(C(=O)C3(C(CC4C(C3C(C(C2(C)C)(CC1OC(=O)C(C(C5=CC=CC=C5)NC(=O)OC(C)(C)C)O)O)OC(=O)C6=CC=CC=C6)(CO4)OC(=O)C)O)C)O
propofol,CC(C)C1=C(C(=CC=C1)C(C)C)O
pidotimod,C1CC(=O)NC1C(=O)N2CSCC2C(=O)O
riluzole,C1=CC2=C(C=C1OC(F)(F)F)SC(=N2)N
asenapine,CN1CC2C(C1)C3=C(C=CC(=C3)Cl)OC4=CC=CC=C24
mk-2206,C1CC(C1)(C2=CC=C(C=C2)C3=C(C=C4C(=N3)C=CN5C4=NNC5=O)C6=CC=CC=C6)N
etoposide,CC1OCC2C(O1)C(C(C(O2)OC3C4COC(=O)C4C(C5=CC6=C(C=C35)OCO6)C7=CC(=C(C(=C7)OC)O)OC)O)O
nitazoxanide,CC(=O)OC1=CC=CC=C1C(=O)NC2=NC=C(S2)[N+](=O)[O-]
pyroxamide,C1=CC(=CN=C1)NC(=O)CCCCCCC(=O)NO
synephrine,CNCC(C1=CC=C(C=C1)O)O
cilostazol,C1CCC(CC1)N2C(=NN=N2)CCCCOC3=CC4=C(C=C3)NC(=O)CC4
ofloxacin,CC1COC2=C3N1C=C(C(=O)C3=CC(=C2N4CCN(CC4)C)F)C(=O)O
azaperone,C1CN(CCN1CCCC(=O)C2=CC=C(C=C2)F)C3=CC=CC=N3
isradipine,CC1=C(C(C(=C(N1)C)C(=O)OC(C)C)C2=CC=CC3=NON=C32)C(=O)OC
bemegride,CCC1(CC(=O)NC(=O)C1)C
cl-82198,C1COCCN1CCCCNC(=O)C2=CC3=CC=CC=C3O2
hyoscyamine,CN1C2CCC1CC(C2)OC(=O)C(CO)C3=CC=CC=C3
quercetin,C1=CC(=C(C=C1C2=C(C(=O)C3=C(C=C(C=C3O2)O)O)O)O)O
sulfaguanidine,C1=CC(=CC=C1N)S(=O)(=O)N=C(N)N
droperidol,C1CN(CC=C1N2C3=CC=CC=C3NC2=O)CCCC(=O)C4=CC=C(C=C4)F
miglitol,C1C(C(C(C(N1CCO)CO)O)O)O
lapatinib,CS(=O)(=O)CCNCC1=CC=C(O1)C2=CC3=C(C=C2)N=CN=C3NC4=CC(=C(C=C4)OCC5=CC(=CC=C5)F)Cl
bergenin,COC1=C(C=C2C(=C1O)C3C(C(C(C(O3)CO)O)O)OC2=O)O
dyphylline,CN1C2=C(C(=O)N(C1=O)C)N(C=N2)CC(CO)O
oxymetholone,CC12CCC3C(C1CCC2(C)O)CCC4C3(CC(=CO)C(=O)C4)C
repaglinide,CCOC1=C(C=CC(=C1)CC(=O)NC(CC(C)C)C2=CC=CC=C2N3CCCCC3)C(=O)O
melatonin,CC(=O)NCCC1=CNC2=C1C=C(C=C2)OC
tetracycline,CC1(C2CC3C(C(=O)C(=C(C3(C(=O)C2=C(C4=C1C=CC=C4O)O)O)O)C(=O)N)N(C)C)O
sotalol,CC(C)NCC(C1=CC=C(C=C1)NS(=O)(=O)C)O
aminoglutethimide,CCC1(CCC(=O)NC1=O)C2=CC=C(C=C2)N
praziquantel,C1CCC(CC1)C(=O)N2CC3C4=CC=CC=C4CCN3C(=O)C2
temozolomide,CN1C(=O)N2C=NC(=C2N=N1)C(=O)N
methotrexate,CN(CC1=CN=C2C(=N1)C(=NC(=N2)N)N)C3=CC=C(C=C3)C(=O)NC(CCC(=O)O)C(=O)O
aripiprazole,C1CC(=O)NC2=C1C=CC(=C2)OCCCCN3CCN(CC3)C4=C(C(=CC=C4)Cl)Cl
zidovudine,CC1=CN(C(=O)NC1=O)C2CC(C(O2)CO)N=[N+]=[N-]
rivastigmine,CCN(C)C(=O)OC1=CC=CC(=C1)C(C)N(C)C
tranilast,COC1=C(C=C(C=C1)C=CC(=O)NC2=CC=CC=C2C(=O)O)OC
brucine,COC1=C(C=C2C(=C1)C34CCN5C3CC6C7C4N2C(=O)CC7OCC=C6C5)OC
bd-1047,CN(C)CCN(C)CCC1=CC(=C(C=C1)Cl)Cl
naltrexone,C1CC1CN2CCC34C5C(=O)CCC3(C2CC6=C4C(=C(C=C6)O)O5)O
tropicamide,CCN(CC1=CC=NC=C1)C(=O)C(CO)C2=CC=CC=C2
milrinone,CC1=C(C=C(C(=O)N1)C#N)C2=CC=NC=C2
diethylstilbestrol,CCC(=C(CC)C1=CC=C(C=C1)O)C2=CC=C(C=C2)O
vatalanib,C1=CC=C2C(=C1)C(=NN=C2NC3=CC=C(C=C3)Cl)CC4=CC=NC=C4
terbinafine,CC(C)(C)C#CC=CCN(C)CC1=CC=CC2=CC=CC=C21
pirfenidone,CC1=CN(C(=O)C=C1)C2=CC=CC=C2
lovastatin,CCC(C)C(=O)OC1CC(C=C2C1C(C(C=C2)C)CCC3CC(CC(=O)O3)O)C
tacrine,C1CCC2=NC3=CC=CC=C3C(=C2C1)N
domperidone,C1CN(CCC1N2C3=C(C=C(C=C3)Cl)NC2=O)CCCN4C5=CC=CC=C5NC4=O
ketorolac,C1CN2C(=CC=C2C(=O)C3=CC=CC=C3)C1C(=O)O
temsirolimus,CC1CCC2CC(C(=CC=CC=CC(CC(C(=O)C(C(C(=CC(C(=O)CC(OC(=O)C3CCCCN3C(=O)C(=O)C1(O2)O)C(C)CC4CCC(C(C4)OC)OC(=O)C(C)(CO)CO)C)C)O)OC)C)C)C)OC
clopidogrel,COC(=O)C(C1=CC=CC=C1Cl)N2CCC3=C(C2)C=CS3
ibuprofen,CC(C)CC1=CC=C(C=C1)C(C)C(=O)O
vardenafil,CCCC1=NC(=C2N1N=C(NC2=O)C3=C(C=CC(=C3)S(=O)(=O)N4CCN(CC4)CC)OCC)C
moroxydine,C1COCCN1C(=N)N=C(N)N
fulvestrant,CC12CCC3C(C1CCC2O)C(CC4=C3C=CC(=C4)O)CCCCCCCCCS(=O)CCCC(C(F)(F)F)(F)F
flumethasone,CC1CC2C3CC(C4=CC(=O)C=CC4(C3(C(CC2(C1(C(=O)CO)O)C)O)F)C)F
paclitaxel,CC1=C2C(C(=O)C3(C(CC4C(C3C(C(C2(C)C)(CC1OC(=O)C(C(C5=CC=CC=C5)NC(=O)C6=CC=CC=C6)O)O)OC(=O)C7=CC=CC=C7)(CO4)OC(=O)C)O)C)OC(=O)C
tiratricol,C1=CC(=C(C=C1OC2=C(C=C(C=C2I)CC(=O)O)I)I)O
flumazenil,CCOC(=O)C1=C2CN(C(=O)C3=C(N2C=N1)C=CC(=C3)F)C
probenecid,CCCN(CCC)S(=O)(=O)C1=CC=C(C=C1)C(=O)O
jnj-7706621,C1=CC(=C(C(=C1)F)C(=O)N2C(=NC(=N2)NC3=CC=C(C=C3)S(=O)(=O)N)N)F
trimethoprim,COC1=CC(=CC(=C1OC)OC)CC2=CN=C(N=C2N)N
methocarbamol,COC1=CC=CC=C1OCC(COC(=O)N)O
tolnaftate,CC1=CC(=CC=C1)N(C)C(=S)OC2=CC3=CC=CC=C3C=C2
sulfamethoxypyridazine,COC1=NN=C(C=C1)NS(=O)(=O)C2=CC=C(C=C2)N
bromhexine,CN(CC1=C(C(=CC(=C1)Br)Br)N)C2CCCCC2
dirithromycin,CCC1C(C2C(C(C(CC(C(C(C(C(C(=O)O1)C)OC3CC(C(C(O3)C)O)(C)OC)C)OC4C(C(CC(O4)C)N(C)C)O)(C)O)C)NC(O2)COCCOC)C)(C)O
duloxetine,CNCCC(C1=CC=CS1)OC2=CC=CC3=CC=CC=C32
formestane,CC12CCC(=O)C(=C1CCC3C2CCC4(C3CCC4=O)C)O
alprostadil,CCCCCC(C=CC1C(CC(=O)C1CCCCCCC(=O)O)O)O
diacerein,CC(=O)OC1=CC=CC2=C1C(=O)C3=C(C2=O)C=C(C=C3OC(=O)C)C(=O)O
rilmenidine,C1CC1C(C2CC2)NC3=NCCO3
piceatannol,C1=CC(=C(C=C1C=CC2=CC(=CC(=C2)O)O)O)O
ozagrel,C1=CC(=CC=C1CN2C=CN=C2)C=CC(=O)O
tenoxicam,CN1C(=C(C2=C(S1(=O)=O)C=CS2)O)C(=O)NC3=CC=CC=N3
cyclobenzaprine,CN(C)CCC=C1C2=CC=CC=C2C=CC3=CC=CC=C31
reversine,C1CCC(CC1)NC2=NC(=NC3=C2NC=N3)NC4=CC=C(C=C4)N5CCOCC5
zoxazolamine,C1=CC2=C(C=C1Cl)N=C(O2)N
doxofylline,CN1C2=C(C(=O)N(C1=O)C)N(C=N2)CC3OCCO3
mosapride,CCOC1=CC(=C(C=C1C(=O)NCC2CN(CCO2)CC3=CC=C(C=C3)F)Cl)N
irsogladine,C1=CC(=C(C=C1Cl)C2=NC(=NC(=N2)N)N)Cl
erlotinib,COCCOC1=C(C=C2C(=C1)C(=NC=N2)NC3=CC=CC(=C3)C#C)OCCOC
amiodarone,CCCCC1=C(C2=CC=CC=C2O1)C(=O)C3=CC(=C(C(=C3)I)OCCN(CC)CC)I
icariin,CC1C(C(C(C(O1)OC2=C(OC3=C(C2=O)C(=CC(=C3CC=C(C)C)OC4C(C(C(C(O4)CO)O)O)O)O)C5=CC=C(C=C5)OC)O)O)O
primidone,CCC1(C(=O)NCNC1=O)C2=CC=CC=C2
anastrozole,CC(C)(C#N)C1=CC(=CC(=C1)CN2C=NC=N2)C(C)(C)C#N
triciribine,CN1C2=NC=NC3=C2C(=CN3C4C(C(C(O4)CO)O)O)C(=N1)N
methoxsalen,COC1=C2C(=CC3=C1OC=C3)C=CC(=O)O2
scriptaid,C1=CC2=C3C(=C1)C(=O)N(C(=O)C3=CC=C2)CCCCCC(=O)NO
gyki-52466,CC1=NN=C(C2=CC3=C(C=C2C1)OCO3)C4=CC=C(C=C4)N
propylthiouracil,CCCC1=CC(=O)NC(=S)N1
calmidazolium,C1=CC(=CC=C1C(C2=CC=C(C=C2)Cl)N3C=C[N+](=C3)CC(C4=C(C=C(C=C4)Cl)Cl)OCC5=C(C=C(C=C5)Cl)Cl)Cl
tak-715,CCC1=NC(=C(S1)C2=CC(=NC=C2)NC(=O)C3=CC=CC=C3)C4=CC=CC(=C4)C
trichlormethiazide,C1=C2C(=CC(=C1Cl)S(=O)(=O)N)S(=O)(=O)NC(N2)C(Cl)Cl
cp-724714,CC1=NC=C(C=C1)OC2=C(C=C(C=C2)NC3=NC=NC4=C3C=C(C=C4)C=CCNC(=O)COC)C
ambrisentan,CC1=CC(=NC(=N1)OC(C(=O)O)C(C2=CC=CC=C2)(C3=CC=CC=C3)OC)C
amlodipine,CCOC(=O)C1=C(NC(=C(C1C2=CC=CC=C2Cl)C(=O)OC)C)COCCN
azelastine,CN1CCCC(CC1)N2C(=O)C3=CC=CC=C3C(=N2)CC4=CC=C(C=C4)Cl
acyclovir,C1=NC2=C(N1COCCO)N=C(NC2=O)N
tacrolimus,CC1CC(C2C(CC(C(O2)(C(=O)C(=O)N3CCCCC3C(=O)OC(C(C(CC(=O)C(C=C(C1)C)CC=C)O)C)C(=CC4CCC(C(C4)OC)O)C)O)C)OC)OC
troxipide,COC1=CC(=CC(=C1OC)OC)C(=O)NC2CCCNC2
nobiletin,COC1=C(C=C(C=C1)C2=CC(=O)C3=C(O2)C(=C(C(=C3OC)OC)OC)OC)OC
ketanserin,C1CN(CCC1C(=O)C2=CC=C(C=C2)F)CCN3C(=O)C4=CC=CC=C4NC3=O
veliparib,CC1(CCCN1)C2=NC3=C(C=CC=C3N2)C(=O)N
lamotrigine,C1=CC(=C(C(=C1)Cl)Cl)C2=C(N=C(N=N2)N)N
clofibrate,CCOC(=O)C(C)(C)OC1=CC=C(C=C1)Cl
doxercalciferol,CC(C)C(C)C=CC(C)C1CCC2C1(CCCC2=CC=C3CC(CC(C3=C)O)O)C
gdc-0879,C1CC(=NO)C2=C1C=C(C=C2)C3=CN(N=C3C4=CC=NC=C4)CCO
mianserin,CN1CCN2C(C1)C3=CC=CC=C3CC4=CC=CC=C42
wortmannin,CC(=O)OC1CC2(C(CCC2=O)C3=C1C4(C(OC(=O)C5=COC(=C54)C3=O)COC)C)C
rivaroxaban,C1COCC(=O)N1C2=CC=C(C=C2)N3CC(OC3=O)CNC(=O)C4=CC=C(S4)Cl
epiandrosterone,CC12CCC(CC1CCC3C2CCC4(C3CCC4=O)C)O
artemisinin,CC1CCC2C(C(=O)OC3C24C1CCC(O3)(OO4)C)C
leflunomide,CC1=C(C=NO1)C(=O)NC2=CC=C(C=C2)C(F)(F)F
doxazosin,COC1=C(C=C2C(=C1)C(=NC(=N2)N3CCN(CC3)C(=O)C4COC5=CC=CC=C5O4)N)OC
mevastatin,CCC(C)C(=O)OC1CCC=C2C1C(C(C=C2)C)CCC3CC(CC(=O)O3)O
dofetilide,CN(CCC1=CC=C(C=C1)NS(=O)(=O)C)CCOC2=CC=C(C=C2)NS(=O)(=O)C
rucaparib,CNCC1=CC=C(C=C1)C2=C3CCNC(=O)C4=C3C(=CC(=C4)F)N2
"3,3'-diindolylmethane",C1=CC=C2C(=C1)C(=CN2)CC3=CNC4=CC=CC=C43
isotretinoin,CC1=C(C(CCC1)(C)C)C=CC(=CC=CC(=CC(=O)O)C)C
phenylbutazone,CCCCC1C(=O)N(N(C1=O)C2=CC=CC=C2)C3=CC=CC=C3
didanosine,C1CC(OC1CO)N2C=NC3=C2N=CNC3=O
verapamil,CC(C)C(CCCN(C)CCC1=CC(=C(C=C1)OC)OC)(C#N)C2=CC(=C(C=C2)OC)OC
budesonide,CCCC1OC2CC3C4CCC5=CC(=O)C=CC5(C4C(CC3(C2(O1)C(=O)CO)C)O)C
nitrendipine,CCOC(=O)C1=C(NC(=C(C1C2=CC(=CC=C2)[N+](=O)[O-])C(=O)OC)C)C
naringin,CC1C(C(C(C(O1)OC2C(C(C(OC2OC3=CC(=C4C(=O)CC(OC4=C3)C5=CC=C(C=C5)O)O)CO)O)O)O)O)O
decitabine,C1C(C(OC1N2C=NC(=NC2=O)N)CO)O
meloxicam,CC1=CN=C(S1)NC(=O)C2=C(C3=CC=CC=C3S(=O)(=O)N2C)O
zileuton,CC(C1=CC2=CC=CC=C2S1)N(C(=O)N)O
candesartan,CCOC1=NC2=CC=CC(=C2N1CC3=CC=C(C=C3)C4=CC=CC=C4C5=NNN=N5)C(=O)O
pranlukast,C1=CC=C(C=C1)CCCCOC2=CC=C(C=C2)C(=O)NC3=CC=CC4=C3OC(=CC4=O)C5=NNN=N5
enrofloxacin,CCN1CCN(CC1)C2=C(C=C3C(=C2)N(C=C(C3=O)C(=O)O)C4CC4)F
dovitinib,CN1CCN(CC1)C2=CC3=C(C=C2)N=C(N3)C4=C(C5=C(C=CC=C5F)NC4=O)N
mefloquine,C1CCNC(C1)C(C2=CC(=NC3=C2C=CC=C3C(F)(F)F)C(F)(F)F)O
roxithromycin,CCC1C(C(C(C(=NOCOCCOC)C(CC(C(C(C(C(C(=O)O1)C)OC2CC(C(C(O2)C)O)(C)OC)C)OC3C(C(CC(O3)C)N(C)C)O)(C)O)C)C)O)(C)O
dasatinib,CC1=C(C(=CC=C1)Cl)NC(=O)C2=CN=C(S2)NC3=CC(=NC(=N3)C)N4CCN(CC4)CCO
ar-a014418,COC1=CC=C(C=C1)CNC(=O)NC2=NC=C(S2)[N+](=O)[O-]
pyrazinamide,C1=CN=C(C=N1)C(=O)N
fluconazole,C1=CC(=C(C=C1F)F)C(CN2C=NC=N2)(CN3C=NC=N3)O
pik-75,CC1=C(C=C(C=C1)[N+](=O)[O-])S(=O)(=O)N(C)N=CC2=CN=C3N2C=C(C=C3)Br
exemestane,CC12CCC3C(C1CCC2=O)CC(=C)C4=CC(=O)C=CC34C
gemcitabine,C1=CN(C(=O)N=C1N)C2C(C(C(O2)CO)O)(F)F
raltitrexed,CC1=NC2=C(C=C(C=C2)CN(C)C3=CC=C(S3)C(=O)NC(CCC(=O)O)C(=O)O)C(=O)N1
calcitriol,CC(CCCC(C)(C)O)C1CCC2C1(CCCC2=CC=C3CC(CC(C3=C)O)O)C
amisulpride,CCN1CCCC1CNC(=O)C2=CC(=C(C=C2OC)N)S(=O)(=O)CC
rosiglitazone,CN(CCOC1=CC=C(C=C1)CC2C(=O)NC(=O)S2)C3=CC=CC=N3
deguelin,CC1(C=CC2=C(O1)C=CC3=C2OC4COC5=CC(=C(C=C5C4C3=O)OC)OC)C
tetrabenazine,CC(C)CC1CN2CCC3=CC(=C(C=C3C2CC1=O)OC)OC
celecoxib,CC1=CC=C(C=C1)C2=CC(=NN2C3=CC=C(C=C3)S(=O)(=O)N)C(F)(F)F
oxymetazoline,CC1=CC(=C(C(=C1CC2=NCCN2)C)O)C(C)(C)C
benserazide,C1=CC(=C(C(=C1CNNC(=O)C(CO)N)O)O)O
bix-01294,CN1CCCN(CC1)C2=NC3=CC(=C(C=C3C(=N2)NC4CCN(CC4)CC5=CC=CC=C5)OC)OC
sulfathiazole,C1=CC(=CC=C1N)S(=O)(=O)NC2=NC=CS2
pregnenolone,CC(=O)C1CCC2C1(CCC3C2CC=C4C3(CCC(C4)O)C)C
meropenem,CC1C2C(C(=O)N2C(=C1SC3CC(NC3)C(=O)N(C)C)C(=O)O)C(C)O
aztreonam,CC1C(C(=O)N1S(=O)(=O)O)NC(=O)C(=NOC(C)(C)C(=O)O)C2=CSC(=N2)N
myricetin,C1=C(C=C(C(=C1O)O)O)C2=C(C(=O)C3=C(C=C(C=C3O2)O)O)O
ketoprofen,CC(C1=CC(=CC=C1)C(=O)C2=CC=CC=C2)C(=O)O
rifaximin,CC1C=CC=C(C(=O)NC2=C(C3=C(C4=C(C(=C3O)C)OC(C4=O)(OC=CC(C(C(C(C(C(C1O)C)O)C)OC(=O)C)C)OC)C)C5=C2N6C=CC(=CC6=N5)C)O)C
meclizine,CC1=CC(=CC=C1)CN2CCN(CC2)C(C3=CC=CC=C3)C4=CC=C(C=C4)Cl
zaldaride,CC1(C2=CC=CN2C3=CC=CC=C3CO1)CN4CCC(CC4)N5C6=CC=CC=C6NC5=O
lidocaine,CCN(CC)CC(=O)NC1=C(C=CC=C1C)C
sulfaphenazole,C1=CC=C(C=C1)N2C(=CC=N2)NS(=O)(=O)C3=CC=C(C=C3)N
sulindac,CC1=C(C2=C(C1=CC3=CC=C(C=C3)S(=O)C)C=CC(=C2)F)CC(=O)O
mifepristone,CC#CC1(CCC2C1(CC(C3=C4CCC(=O)C=C4CCC23)C5=CC=C(C=C5)N(C)C)C)O
calcifediol,CC(CCCC(C)(C)O)C1CCC2C1(CCCC2=CC=C3CC(CCC3=C)O)C
nilotinib,CC1=C(C=C(C=C1)C(=O)NC2=CC(=CC(=C2)C(F)(F)F)N3C=C(N=C3)C)NC4=NC=CC(=N4)C5=CN=CC=C5
procarbazine,CC(C)NC(=O)C1=CC=C(C=C1)CNNC
sitagliptin,C1CN2C(=NN=C2C(F)(F)F)CN1C(=O)CC(CC3=CC(=C(C=C3F)F)F)N
metronidazole,CC1=NC=C(N1CCO)[N+](=O)[O-]
tamoxifen,CCC(=C(C1=CC=CC=C1)C2=CC=C(C=C2)OCCN(C)C)C3=CC=CC=C3
limonin,CC1(C2CC(=O)C3(C(C24COC(=O)CC4O1)CCC5(C36C(O6)C(=O)OC5C7=COC=C7)C)C)C
sarafloxacin,C1CN(CCN1)C2=C(C=C3C(=C2)N(C=C(C3=O)C(=O)O)C4=CC=C(C=C4)F)F
amantadine,C1C2CC3CC1CC(C2)(C3)N
indapamide,CC1CC2=CC=CC=C2N1NC(=O)C3=CC(=C(C=C3)Cl)S(=O)(=O)N
phenothiazine,C1=CC=C2C(=C1)NC3=CC=CC=C3S2
cefdinir,C=CC1=C(N2C(C(C2=O)NC(=O)C(=NO)C3=CSC(=N3)N)SC1)C(=O)O
bms-754807,CC1(CCCN1C2=NN3C=CC=C3C(=N2)NC4=NNC(=C4)C5CC5)C(=O)NC6=CN=C(C=C6)F
andarine,CC(=O)NC1=CC=C(C=C1)OCC(C)(C(=O)NC2=CC(=C(C=C2)[N+](=O)[O-])C(F)(F)F)O
acipimox,CC1=CN=C(C=[N+]1[O-])C(=O)O
miconazole,C1=CC(=C(C=C1Cl)Cl)COC(CN2C=CN=C2)C3=C(C=C(C=C3)Cl)Cl
topotecan,CCC1(C2=C(COC1=O)C(=O)N3CC4=CC5=C(C=CC(=C5CN(C)C)O)N=C4C3=C2)O
haloperidol,C1CN(CCC1(C2=CC=C(C=C2)Cl)O)CCCC(=O)C3=CC=C(C=C3)F
toltrazuril,CC1=C(C=CC(=C1)N2C(=O)NC(=O)N(C2=O)C)OC3=CC=C(C=C3)SC(F)(F)F
carbimazole,CCOC(=O)N1C=CN(C1=S)C
naproxen,CC(C1=CC2=C(C=C1)C=C(C=C2)OC)C(=O)O
risperidone,CC1=C(C(=O)N2CCCCC2=N1)CCN3CCC(CC3)C4=NOC5=C4C=CC(=C5)F
loperamide,CN(C)C(=O)C(CCN1CCC(CC1)(C2=CC=C(C=C2)Cl)O)(C3=CC=CC=C3)C4=CC=CC=C4
levetiracetam,CCC(C(=O)N)N1CCCC1=O
topiramate,CC1(OC2COC3(C(C2O1)OC(O3)(C)C)COS(=O)(=O)N)C
pyrimethamine,CCC1=C(C(=NC(=N1)N)N)C2=CC=C(C=C2)Cl
chloroquine,CCN(CC)CCCC(C)NC1=C2C=CC(=CC2=NC=C1)Cl
alfuzosin,CN(CCCNC(=O)C1CCCO1)C2=NC3=CC(=C(C=C3C(=N2)N)OC)OC
amonafide,CN(C)CCN1C(=O)C2=CC=CC3=CC(=CC(=C32)C1=O)N
diosmin,CC1C(C(C(C(O1)OCC2C(C(C(C(O2)OC3=CC(=C4C(=C3)OC(=CC4=O)C5=CC(=C(C=C5)OC)O)O)O)O)O)O)O)O
mk-5108,C1CC(CCC1OC2=C(C(=CC=C2)Cl)F)(CC3=NC(=CC=C3)NC4=NC=CS4)C(=O)O
lamivudine,C1C(OC(S1)CO)N2C=CC(=NC2=O)N
yc-1,C1=CC=C(C=C1)CN2C3=CC=CC=C3C(=N2)C4=CC=C(O4)CO
nabumetone,CC(=O)CCC1=CC2=C(C=C1)C=C(C=C2)OC
honokiol,C=CCC1=CC(=C(C=C1)O)C2=CC(=C(C=C2)O)CC=C
vinblastine,CCC1(CC2CC(C3=C(CCN(C2)C1)C4=CC=CC=C4N3)(C5=C(C=C6C(=C5)C78CCN9C7C(C=CC9)(C(C(C8N6C)(C(=O)OC)O)OC(=O)C)CC)OC)C(=O)OC)O
troglitazone,CC1=C(C2=C(CCC(O2)(C)COC3=CC=C(C=C3)CC4C(=O)NC(=O)S4)C(=C1O)C)C
genipin,COC(=O)C1=COC(C2C1CC=C2CO)O
tipifarnib,CN1C=NC=C1C(C2=CC=C(C=C2)Cl)(C3=CC4=C(C=C3)N(C(=O)C=C4C5=CC(=CC=C5)Cl)C)N
rifampicin,CC1C=CC=C(C(=O)NC2=C(C(=C3C(=C2O)C(=C(C4=C3C(=O)C(O4)(OC=CC(C(C(C(C(C(C1O)C)O)C)OC(=O)C)C)OC)C)C)O)O)C=NN5CCN(CC5)C)C
artemether,CC1CCC2C(C(OC3C24C1CCC(O3)(OO4)C)OC)C
nicorandil,C1=CC(=CN=C1)C(=O)NCCO[N+](=O)[O-]
metolazone,CC1NC2=CC(=C(C=C2C(=O)N1C3=CC=CC=C3C)S(=O)(=O)N)Cl
gossypol,CC1=CC2=C(C(=C(C(=C2C(C)C)O)O)C=O)C(=C1C3=C(C4=C(C=C3C)C(=C(C(=C4C=O)O)O)C(C)C)O)O
naringenin,C1C(OC2=CC(=CC(=C2C1=O)O)O)C3=CC=C(C=C3)O
albendazole,CCCSC1=CC2=C(C=C1)N=C(N2)NC(=O)OC
thalidomide,C1CC(=O)NC(=O)C1N2C(=O)C3=CC=CC=C3C2=O
embelin,CCCCCCCCCCCC1=C(C(=O)C=C(C1=O)O)O
sulfadoxine,COC1=C(N=CN=C1OC)NS(=O)(=O)C2=CC=C(C=C2)N
equol,C1C(COC2=C1C=CC(=C2)O)C3=CC=C(C=C3)O
carbidopa,CC(CC1=CC(=C(C=C1)O)O)(C(=O)O)NN
nisoldipine,CC1=C(C(C(=C(N1)C)C(=O)OCC(C)C)C2=CC=CC=C2[N+](=O)[O-])C(=O)OC
felodipine,CCOC(=O)C1=C(NC(=C(C1C2=C(C(=CC=C2)Cl)Cl)C(=O)OC)C)C
varenicline,C1C2CNCC1C3=CC4=NC=CN=C4C=C23
methazolamide,CC(=O)N=C1N(N=C(S1)S(=O)(=O)N)C
tpca-1,C1=CC(=CC=C1C2=CC(=C(S2)NC(=O)N)C(=O)N)F
flupirtine,CCOC(=O)NC1=C(N=C(C=C1)NCC2=CC=C(C=C2)F)N
jnj-38877605,CN1C=C(C=N1)C2=NN3C(=NN=C3C(C4=CC5=C(C=C4)N=CC=C5)(F)F)C=C2
vincristine,CCC1(CC2CC(C3=C(CCN(C2)C1)C4=CC=CC=C4N3)(C5=C(C=C6C(=C5)C78CCN9C7C(C=CC9)(C(C(C8N6C=O)(C(=O)OC)O)OC(=O)C)CC)OC)C(=O)OC)O
oxcarbazepine,C1C2=CC=CC=C2N(C3=CC=CC=C3C1=O)C(=O)N
cetirizine,C1CN(CCN1CCOCC(=O)O)C(C2=CC=CC=C2)C3=CC=C(C=C3)Cl
biperiden,C1CCN(CC1)CCC(C2CC3CC2C=C3)(C4=CC=CC=C4)O
abt-737,CN(C)CCC(CSC1=CC=CC=C1)NC2=C(C=C(C=C2)S(=O)(=O)NC(=O)C3=CC=C(C=C3)N4CCN(CC4)CC5=CC=CC=C5C6=CC=C(C=C6)Cl)[N+](=O)[O-]
clorsulon,C1=C(C(=CC(=C1N)S(=O)(=O)N)S(=O)(=O)N)C(=C(Cl)Cl)Cl
warfarin,CC(=O)CC(C1=CC=CC=C1)C2=C(C3=CC=CC=C3OC2=O)O
oxfendazole,COC(=O)NC1=NC2=C(N1)C=C(C=C2)S(=O)C3=CC=CC=C3
butoconazole,C1=CC(=C(C(=C1)Cl)SC(CCC2=CC=C(C=C2)Cl)CN3C=CN=C3)Cl
olmesartan,CCCC1=NC(=C(N1CC2=CC=C(C=C2)C3=CC=CC=C3C4=NNN=N4)C(=O)O)C(C)(C)O
levodopa,C1=CC(=C(C=C1CC(C(=O)O)N)O)O
amoxapine,C1CN(CCN1)C2=NC3=CC=CC=C3OC4=C2C=C(C=C4)Cl
clarithromycin,CCC1C(C(C(C(=O)C(CC(C(C(C(C(C(=O)O1)C)OC2CC(C(C(O2)C)O)(C)OC)C)OC3C(C(CC(O3)C)N(C)C)O)(C)OC)C)C)O)(C)O
prednisone,CC12CC(=O)C3C(C1CCC2(C(=O)CO)O)CCC4=CC(=O)C=CC34C
lestaurtinib,CC12C(CC(O1)N3C4=CC=CC=C4C5=C6C(=C7C8=CC=CC=C8N2C7=C53)CNC6=O)(CO)O
aspirin,CC(=O)OC1=CC=CC=C1C(=O)O
penfluridol,C1CN(CCC1(C2=CC(=C(C=C2)Cl)C(F)(F)F)O)CCCC(C3=CC=C(C=C3)F)C4=CC=C(C=C4)F
nifuroxazide,C1=CC(=CC=C1C(=O)NN=CC2=CC=C(O2)[N+](=O)[O-])O
isoliquiritigenin,C1=CC(=CC=C1C=CC(=O)C2=C(C=C(C=C2)O)O)O
mestranol,CC12CCC3C(C1CCC2(C#C)O)CCC4=C3C=CC(=C4)OC
pravastatin,CCC(C)C(=O)OC1CC(C=C2C1C(C(C=C2)C)CCC(CC(CC(=O)O)O)O)O
maprotiline,CNCCCC12CCC(C3=CC=CC=C31)C4=CC=CC=C24
itraconazole,CCC(C)N1C(=O)N(C=N1)C2=CC=C(C=C2)N3CCN(CC3)C4=CC=C(C=C4)OCC5COC(O5)(CN6C=NC=N6)C7=C(C=C(C=C7)Cl)Cl
ciprofloxacin,C1CC1N2C=C(C(=O)C3=CC(=C(C=C32)N4CCNCC4)F)C(=O)O
vidarabine,C1=NC(=C2C(=N1)N(C=N2)C3C(C(C(O3)CO)O)O)N
tioconazole,C1=CC(=C(C=C1Cl)Cl)C(CN2C=CN=C2)OCC3=C(SC=C3)Cl
benzamil,C1=CC=C(C=C1)CN=C(N)NC(=O)C2=C(N=C(C(=N2)Cl)N)N
spiramycin,CC1CC=CC=CC(C(CC(C(C(C(CC(=O)O1)O)OC)OC2C(C(C(C(O2)C)OC3CC(C(C(O3)C)O)(C)O)N(C)C)O)CC=O)C)OC4CCC(C(O4)C)N(C)C
ampiroxicam,CCOC(=O)OC(C)OC1=C(N(S(=O)(=O)C2=CC=CC=C21)C)C(=O)NC3=CC=CC=N3
artesunate,CC1CCC2C(C(OC3C24C1CCC(O3)(OO4)C)OC(=O)CCC(=O)O)C
podophyllotoxin,COC1=CC(=CC(=C1OC)OC)C2C3C(COC3=O)C(C4=CC5=C(C=C24)OCO5)O
camptothecin,CCC1(C2=C(COC1=O)C(=O)N3CC4=CC5=CC=CC=C5N=C4C3=C2)O
esculin,C1=CC(=O)OC2=CC(=C(C=C21)OC3C(C(C(C(O3)CO)O)O)O)O
meglumine,CNCC(C(C(C(CO)O)O)O)O
hydrocortisone,CC12CCC(=O)C=C1CCC3C2C(CC4(C3CCC4(C(=O)CO)O)C)O
pf-562271,CN(C1=C(C=CC=N1)CNC2=NC(=NC=C2C(F)(F)F)NC3=CC4=C(C=C3)NC(=O)C4)S(=O)(=O)C
idoxuridine,C1C(C(OC1N2C=C(C(=O)NC2=O)I)CO)O
genistein,C1=CC(=CC=C1C2=COC3=CC(=CC(=C3C2=O)O)O)O
hydroxychloroquine,CCN(CCCC(C)NC1=C2C=CC(=CC2=NC=C1)Cl)CCO
indole-3-carbinol,C1=CC=C2C(=C1)C(=CN2)CO
sulfadiazine,C1=CN=C(N=C1)NS(=O)(=O)C2=CC=C(C=C2)N
halofantrine,CCCCN(CCCC)CCC(C1=C2C=CC(=CC2=C3C=C(C=C(C3=C1)Cl)Cl)C(F)(F)F)O
probucol,CC(C)(C)C1=CC(=CC(=C1O)C(C)(C)C)SC(C)(C)SC2=CC(=C(C(=C2)C(C)(C)C)O)C(C)(C)C
gliquidone,CC1(C2=C(C=C(C=C2)OC)C(=O)N(C1=O)CCC3=CC=C(C=C3)S(=O)(=O)NC(=O)NC4CCCCC4)C
gabexate,CCOC(=O)C1=CC=C(C=C1)OC(=O)CCCCCN=C(N)N
tubacin,C1C(OC(OC1C2=CC=C(C=C2)CO)C3=CC=C(C=C3)NC(=O)CCCCCCC(=O)NO)CSC4=NC(=C(O4)C5=CC=CC=C5)C6=CC=CC=C6
vx-702,C1=CC(=C(C(=C1)F)N(C2=NC(=C(C=C2)C(=O)N)C3=C(C=C(C=C3)F)F)C(=O)N)F
enoxacin,CCN1C=C(C(=O)C2=CC(=C(N=C21)N3CCNCC3)F)C(=O)O
metformin,CN(C)C(=N)N=C(N)N
orphenadrine,CC1=CC=CC=C1C(C2=CC=CC=C2)OCCN(C)C
acitretin,CC1=CC(=C(C(=C1C=CC(=CC=CC(=CC(=O)O)C)C)C)C)OC
necrostatin-1,CN1C(=O)C(NC1=S)CC2=CNC3=CC=CC=C32
pik-90,COC1=C(C2=NC(=NC(=O)C3=CN=CC=C3)N4CCNC4=C2C=C1)OC
fenoldopam,C1CNCC(C2=CC(=C(C(=C21)Cl)O)O)C3=CC=C(C=C3)O
mirtazapine,CN1CCN2C(C1)C3=CC=CC=C3CC4=C2N=CC=C4
gemfibrozil,CC1=CC(=C(C=C1)C)OCCCC(C)(C)C(=O)O
atovaquone,C1CC(CCC1C2=CC=C(C=C2)Cl)C3=C(C4=CC=CC=C4C(=O)C3=O)O
azasetron,CN1C(=O)COC2=C(C=C(C=C21)Cl)C(=O)NC3CN4CCC3CC4
bortezomib,B(C(CC(C)C)NC(=O)C(CC1=CC=CC=C1)NC(=O)C2=NC=CN=C2)(O)O
tolcapone,CC1=CC=C(C=C1)C(=O)C2=CC(=C(C(=C2)O)O)[N+](=O)[O-]
captopril,CC(CS)C(=O)N1CCCC1C(=O)O
aniracetam,COC1=CC=C(C=C1)C(=O)N2CCCC2=O
simvastatin,CCC(C)(C)C(=O)OC1CC(C=C2C1C(C(C=C2)C)CCC3CC(CC(=O)O3)O)C
venlafaxine,CN(C)CC(C1=CC=C(C=C1)OC)C2(CCCCC2)O
altretamine,CN(C)C1=NC(=NC(=N1)N(C)C)N(C)C
rolipram,COC1=C(C=C(C=C1)C2CC(=O)NC2)OC3CCCC3
methimazole,CN1C=CNC1=S
sparfloxacin,CC1CN(CC(N1)C)C2=C(C(=C3C(=C2F)N(C=C(C3=O)C(=O)O)C4CC4)N)F
furosemide,C1=COC(=C1)CNC2=CC(=C(C=C2C(=O)O)S(=O)(=O)N)Cl
bendroflumethiazide,C1=CC=C(C=C1)CC2NC3=C(C=C(C(=C3)C(F)(F)F)S(=O)(=O)N)S(=O)(=O)N2
tgx-221,CC1=CN2C(=O)C=C(N=C2C(=C1)C(C)NC3=CC=CC=C3)N4CCOCC4
florfenicol,CS(=O)(=O)C1=CC=C(C=C1)C(C(CF)NC(=O)C(Cl)Cl)O
ribavirin,C1=NC(=NN1C2C(C(C(O2)CO)O)O)C(=O)N
bethanechol,CC(C[N+](C)(C)C)OC(=O)N
tofacitinib,CC1CCN(CC1N(C)C2=NC=NC3=C2C=CN3)C(=O)CC#N
zalcitabine,C1CC(OC1CO)N2C=CC(=NC2=O)N
voriconazole,CC(C1=NC=NC=C1F)C(CN2C=NC=N2)(C3=C(C=C(C=C3)F)F)O
tadalafil,CN1CC(=O)N2C(C1=O)CC3=C(C2C4=CC5=C(C=C4)OCO5)NC6=CC=CC=C36
propafenone,CCCNCC(COC1=CC=CC=C1C(=O)CCC2=CC=CC=C2)O
clozapine,CN1CCN(CC1)C2=NC3=C(C=CC(=C3)Cl)NC4=CC=CC=C42
homoharringtonine,CC(C)(CCCC(CC(=O)OC)(C(=O)OC1C2C3=CC4=C(C=C3CCN5C2(CCC5)C=C1OC)OCO4)O)O
azathioprine,CN1C=NC(=C1SC2=NC=NC3=C2NC=N3)[N+](=O)[O-]
palbociclib,CC1=C(C(=O)N(C2=NC(=NC=C12)NC3=NC=C(C=C3)N4CCNCC4)C5CCCC5)C(=O)C
nateglinide,CC(C)C1CCC(CC1)C(=O)NC(CC2=CC=CC=C2)C(=O)O
chlorzoxazone,C1=CC2=C(C=C1Cl)NC(=O)O2
as-604850,C1=CC2=C(C=C1C=C3C(=O)NC(=O)S3)OC(O2)(F)F
perhexiline,C1CCC(CC1)C(CC2CCCCN2)C3CCCCC3
chlorprothixene,CN(C)CCC=C1C2=CC=CC=C2SC3=C1C=C(C=C3)Cl
orlistat,CCCCCCCCCCCC(CC1C(C(=O)O1)CCCCCC)OC(=O)C(CC(C)C)NC=O
niclosamide,C1=CC(=C(C=C1[N+](=O)[O-])Cl)NC(=O)C2=C(C=CC(=C2)Cl)O
vemurafenib,CCCS(=O)(=O)NC1=C(C(=C(C=C1)F)C(=O)C2=CNC3=C2C=C(C=N3)C4=CC=C(C=C4)Cl)F
anagrelide,C1C2=C(C=CC(=C2Cl)Cl)N=C3N1CC(=O)N3
apigenin,C1=CC(=CC=C1C2=CC(=O)C3=C(C=C(C=C3O2)O)O)O
atropine,CN1C2CCC1CC(C2)OC(=O)C(CO)C3=CC=CC=C3
prednisolone,CC12CC(C3C(C1CCC2(C(=O)CO)O)CCC4=CC(=O)C=CC34C)O
cladribine,C1C(C(OC1N2C=NC3=C(N=C(N=C32)Cl)N)CO)O
desloratadine,C1CC2=C(C=CC(=C2)Cl)C(=C3CCNCC3)C4=C1C=CC=N4
clindamycin,CCCC1CC(N(C1)C)C(=O)NC(C2C(C(C(C(O2)SC)O)O)O)C(C)Cl
famciclovir,CC(=O)OCC(CCN1C=NC2=CN=C(N=C21)N)COC(=O)C
griseofulvin,CC1CC(=O)C=C(C12C(=O)C3=C(O2)C(=C(C=C3OC)OC)Cl)OC
raltegravir,CC1=NN=C(O1)C(=O)NC(C)(C)C2=NC(=C(C(=O)N2C)O)C(=O)NCC3=CC=C(C=C3)F
ramipril,CCOC(=O)C(CCC1=CC=CC=C1)NC(C)C(=O)N2C3CCCC3CC2C(=O)O
piroxicam,CN1C(=C(C2=CC=CC=C2S1(=O)=O)O)C(=O)NC3=CC=CC=N3
ketotifen,CN1CCC(=C2C3=C(C(=O)CC4=CC=CC=C42)SC=C3)CC1
whi-p154,COC1=C(C=C2C(=C1)C(=NC=N2)NC3=CC(=C(C=C3)O)Br)OC
pepstatin,CC(C)CC(C(CC(=O)O)O)NC(=O)C(C)NC(=O)CC(C(CC(C)C)NC(=O)C(C(C)C)NC(=O)C(C(C)C)NC(=O)CC(C)C)O
phenformin,C1=CC=C(C=C1)CCN=C(N)N=C(N)N
osi-027,COC1=CC=CC2=C1NC(=C2)C3=C4C(=NC=NN4C(=N3)C5CCC(CC5)C(=O)O)N
deflazacort,CC1=NC2(C(O1)CC3C2(CC(C4C3CCC5=CC(=O)C=CC45C)O)C)C(=O)COC(=O)C
vorinostat,C1=CC=C(C=C1)NC(=O)CCCCCCC(=O)NO
fenofibrate,CC(C)OC(=O)C(C)(C)OC1=CC=C(C=C1)C(=O)C2=CC=C(C=C2)Cl
tenofovir,CC(CN1C=NC2=C(N=CN=C21)N)OCP(=O)(O)O
naftopidil,COC1=CC=CC=C1N2CCN(CC2)CC(COC3=CC=CC4=CC=CC=C43)O
gliclazide,CC1=CC=C(C=C1)S(=O)(=O)NC(=O)NN2CC3CCCC3C2
betaxolol,CC(C)NCC(COC1=CC=C(C=C1)CCOCC2CC2)O
ketoconazole,CC(=O)N1CCN(CC1)C2=CC=C(C=C2)OCC3COC(O3)(CN4C=CN=C4)C5=C(C=C(C=C5)Cl)Cl
benazepril,CCOC(=O)C(CCC1=CC=CC=C1)NC2CCC3=CC=CC=C3N(C2=O)CC(=O)O
sibutramine,CC(C)CC(C1(CCC1)C2=CC=C(C=C2)Cl)N(C)C
bumetanide,CCCCNC1=C(C(=CC(=C1)C(=O)O)S(=O)(=O)N)OC2=CC=CC=C2
imiquimod,CC(C)CN1C=NC2=C1C3=CC=CC=C3N=C2N
motesanib,CC1(CNC2=C1C=CC(=C2)NC(=O)C3=C(N=CC=C3)NCC4=CC=NC=C4)C
axitinib,CNC(=O)C1=CC=CC=C1SC2=CC3=C(C=C2)C(=NN3)C=CC4=CC=CC=N4
y-27632,CC(C1CCC(CC1)C(=O)NC2=CC=NC=C2)N
catharanthine,CCC1=CC2CC3(C1N(C2)CCC4=C3NC5=CC=CC=C45)C(=O)OC
memantine,CC12CC3CC(C1)(CC(C3)(C2)N)C
triclabendazole,CSC1=NC2=CC(=C(C=C2N1)Cl)OC3=C(C(=CC=C3)Cl)Cl
prazosin,COC1=C(C=C2C(=C1)C(=NC(=N2)N3CCN(CC3)C(=O)C4=CC=CO4)N)OC
tinidazole,CCS(=O)(=O)CCN1C(=NC=C1[N+](=O)[O-])C
dropropizine,C1CN(CCN1CC(CO)O)C2=CC=CC=C2
isosorbide,C1C(C2C(O1)C(CO2)O)O
felbamate,C1=CC=C(C=C1)C(COC(=O)N)COC(=O)N
amiloride,C1(=C(N=C(C(=N1)Cl)N)N)C(=O)N=C(N)N
norfloxacin,CCN1C=C(C(=O)C2=CC(=C(C=C21)N3CCNCC3)F)C(=O)O
carmofur,CCCCCCNC(=O)N1C=C(C(=O)NC1=O)F
kinetin,C1=COC(=C1)CNC2=NC=NC3=C2NC=N3
pevonedistat,C1CC2=CC=CC=C2C1NC3=C4C=CN(C4=NC=N3)C5CC(C(C5)O)COS(=O)(=O)N
monobenzone,C1=CC=C(C=C1)COC2=CC=C(C=C2)O
dobutamine,CC(CCC1=CC=C(C=C1)O)NCCC2=CC(=C(C=C2)O)O
bi-78d3,C1COC2=C(O1)C=CC(=C2)N3C(=O)NN=C3SC4=NC=C(S4)[N+](=O)[O-]
methyldopa,CC(CC1=CC(=C(C=C1)O)O)(C(=O)O)N
estrone,CC12CCC3C(C1CCC2=O)CCC4=C3C=CC(=C4)O
hmn-214,CC(=O)N(C1=CC=CC=C1C=CC2=CC=[N+](C=C2)[O-])S(=O)(=O)C3=CC=C(C=C3)OC
iloperidone,CC(=O)C1=CC(=C(C=C1)OCCCN2CCC(CC2)C3=NOC4=C3C=CC(=C4)F)OC
terazosin,COC1=C(C=C2C(=C1)C(=NC(=N2)N3CCN(CC3)C(=O)C4CCCO4)N)OC
monastrol,CCOC(=O)C1=C(NC(=S)NC1C2=CC(=CC=C2)O)C
methylprednisolone,CC1CC2C3CCC(C3(CC(C2C4(C1=CC(=O)C=C4)C)O)C)(C(=O)CO)O
perindopril,CCCC(C(=O)OCC)NC(C)C(=O)N1C2CCCCC2CC1C(=O)O
minocycline,CN(C)C1C2CC3CC4=C(C=CC(=C4C(=C3C(=O)C2(C(=C(C1=O)C(=O)N)O)O)O)O)N(C)C
irinotecan,CCC1=C2CN3C(=CC4=C(C3=O)COC(=O)C4(CC)O)C2=NC5=C1C=C(C=C5)OC(=O)N6CCC(CC6)N7CCCCC7
lopinavir,CC1=C(C(=CC=C1)C)OCC(=O)NC(CC2=CC=CC=C2)C(CC(CC3=CC=CC=C3)NC(=O)C(C(C)C)N4CCCNC4=O)O
chloroxine,C1=CC2=C(C(=C(C=C2Cl)Cl)O)N=C1
spironolactone,CC(=O)SC1CC2=CC(=O)CCC2(C3C1C4CCC5(C4(CC3)C)CCC(=O)O5)C
trazodone,C1CN(CCN1CCCN2C(=O)N3C=CC=CC3=N2)C4=CC(=CC=C4)Cl
oxaprozin,C1=CC=C(C=C1)C2=C(OC(=N2)CCC(=O)O)C3=CC=CC=C3
abiraterone,CC12CCC(CC1=CCC3C2CCC4(C3CC=C4C5=CN=CC=C5)C)O
triflusal,CC(=O)OC1=C(C=CC(=C1)C(F)(F)F)C(=O)O
levosulpiride,CCN1CCCC1CNC(=O)C2=C(C=CC(=C2)S(=O)(=O)N)OC
mitoxantrone,C1=CC(=C2C(=C1NCCNCCO)C(=O)C3=C(C=CC(=C3C2=O)O)O)NCCNCCO
piperine,C1CCN(CC1)C(=O)C=CC=CC2=CC3=C(C=C2)OCO3
pizotifen,CN1CCC(=C2C3=C(CCC4=CC=CC=C42)SC=C3)CC1
epirubicin,CC1C(C(CC(O1)OC2CC(CC3=C2C(=C4C(=C3O)C(=O)C5=C(C4=O)C(=CC=C5)OC)O)(C(=O)CO)O)N)O
zolmitriptan,CN(C)CCC1=CNC2=C1C=C(C=C2)CC3COC(=O)N3
nocodazole,COC(=O)NC1=NC2=C(N1)C=C(C=C2)C(=O)C3=CC=CS3
plx-4720,CCCS(=O)(=O)NC1=C(C(=C(C=C1)F)C(=O)C2=CNC3=C2C=C(C=N3)Cl)F
etomidate,CCOC(=O)C1=CN=CN1C(C)C2=CC=CC=C2
hydrochlorothiazide,C1NC2=CC(=C(C=C2S(=O)(=O)N1)S(=O)(=O)N)Cl
nadifloxacin,CC1CCC2=C3N1C=C(C(=O)C3=CC(=C2N4CCC(CC4)O)F)C(=O)O
pramipexole,CCCNC1CCC2=C(C1)SC(=N2)N
midostaurin,CC12C(C(CC(O1)N3C4=CC=CC=C4C5=C6C(=C7C8=CC=CC=C8N2C7=C53)CNC6=O)N(C)C(=O)C9=CC=CC=C9)OC
bml-190,CC1=C(C2=C(N1C(=O)C3=CC=C(C=C3)Cl)C=CC(=C2)OC)CC(=O)N4CCOCC4
linopirdine,C1=CC=C(C=C1)N2C3=CC=CC=C3C(C2=O)(CC4=CC=NC=C4)CC5=CC=NC=C5
benzbromarone,CCC1=C(C2=CC=CC=C2O1)C(=O)C3=CC(=C(C(=C3)Br)O)Br
meticrane,CC1=CC2=C(C=C1S(=O)(=O)N)S(=O)(=O)CCC2
hesperidin,CC1C(C(C(C(O1)OCC2C(C(C(C(O2)OC3=CC(=C4C(=O)CC(OC4=C3)C5=CC(=C(C=C5)OC)O)O)O)O)O)O)O)O
nystatin,CC1C=CC=CCCC=CC=CC=CC=CC(CC2C(C(CC(O2)(CC(C(CCC(CC(CC(CC(=O)OC(C(C1O)C)C)O)O)O)O)O)O)O)C(=O)O)OC3C(C(C(C(O3)C)O)N)O
chlorambucil,C1=CC(=CC=C1CCCC(=O)O)N(CCCl)CCCl
secnidazole,CC1=NC=C(N1CC(C)O)[N+](=O)[O-]
racecadotril,CC(=O)SCC(CC1=CC=CC=C1)C(=O)NCC(=O)OCC2=CC=CC=C2
rizatriptan,CN(C)CCC1=CNC2=C1C=C(C=C2)CN3C=NC=N3
letrozole,C1=CC(=CC=C1C#N)C(C2=CC=C(C=C2)C#N)N3C=NC=N3
mitotane,C1=CC=C(C(=C1)C(C2=CC=C(C=C2)Cl)C(Cl)Cl)Cl
erythromycin,CCC1C(C(C(C(=O)C(CC(C(C(C(C(C(=O)O1)C)OC2CC(C(C(O2)C)O)(C)OC)C)OC3C(C(CC(O3)C)N(C)C)O)(C)O)C)C)O)(C)O
brinzolamide,CCNC1CN(S(=O)(=O)C2=C1C=C(S2)S(=O)(=O)N)CCCOC
olanzapine,CC1=CC2=C(S1)NC3=CC=CC=C3N=C2N4CCN(CC4)C
vinpocetine,CCC12CCCN3C1C4=C(CC3)C5=CC=CC=C5N4C(=C2)C(=O)OCC
ciclopirox,CC1=CC(=O)N(C(=C1)C2CCCCC2)O
mizolastine,CN(C1CCN(CC1)C2=NC3=CC=CC=C3N2CC4=CC=C(C=C4)F)C5=NC=CC(=O)N5
chlorothiazide,C1=C2C(=CC(=C1Cl)S(=O)(=O)N)S(=O)(=O)N=CN2
prilocaine,CCCNC(C)C(=O)NC1=CC=CC=C1C
allopurinol,C1=NNC2=C1C(=O)NC=N2
crizotinib,CC(C1=C(C=CC(=C1Cl)F)Cl)OC2=C(N=CC(=C2)C3=CN(N=C3)C4CCNCC4)N
phentolamine,CC1=CC=C(C=C1)N(CC2=NCCN2)C3=CC(=CC=C3)O
carbamazepine,C1=CC=C2C(=C1)C=CC3=CC=CC=C3N2C(=O)N
finasteride,CC12CCC3C(C1CCC2C(=O)NC(C)(C)C)CCC4C3(C=CC(=O)N4)C
dorzolamide,CCNC1CC(S(=O)(=O)C2=C1C=C(S2)S(=O)(=O)N)C
pentamidine,C1=CC(=CC=C1C(=N)N)OCCCCCOC2=CC=C(C=C2)C(=N)N
pirarubicin,CC1C(C(CC(O1)OC2CC(CC3=C2C(=C4C(=C3O)C(=O)C5=C(C4=O)C(=CC=C5)OC)O)(C(=O)CO)O)N)OC6CCCCO6
wye-354,COC(=O)NC1=CC=C(C=C1)C2=NC3=C(C=NN3C4CCN(CC4)C(=O)OC)C(=N2)N5CCOCC5
niguldipine,CC1=C(C(C(=C(N1)C)C(=O)OCCCN2CCC(CC2)(C3=CC=CC=C3)C4=CC=CC=C4)C5=CC(=CC=C5)[N+](=O)[O-])C(=O)OC
carvedilol,COC1=CC=CC=C1OCCNCC(COC2=CC=CC3=C2C4=CC=CC=C4N3)O
sulpiride,CCN1CCCC1CNC(=O)C2=C(C=CC(=C2)S(=O)(=O)N)OC
floxuridine,C1C(C(OC1N2C=C(C(=O)NC2=O)F)CO)O
raloxifene,C1CCN(CC1)CCOC2=CC=C(C=C2)C(=O)C3=C(SC4=C3C=CC(=C4)O)C5=CC=C(C=C5)O
xylometazoline,CC1=CC(=CC(=C1CC2=NCCN2)C)C(C)(C)C
cilomilast,COC1=C(C=C(C=C1)C2(CCC(CC2)C(=O)O)C#N)OC3CCCC3
capecitabine,CCCCCOC(=O)NC1=NC(=O)N(C=C1F)C2C(C(C(O2)C)O)O
ganciclovir,C1=NC2=C(N1COC(CO)CO)N=C(NC2=O)N
estradiol,CC12CCC3C(C1CCC2O)CCC4=C3C=CC(=C4)O
amifostine,C(CN)CNCCSP(=O)(O)O
geldanamycin,CC1CC(C(C(C=C(C(C(C=CC=C(C(=O)NC2=CC(=O)C(=C(C1)C2=O)OC)C)OC)OC(=O)N)C)C)O)OC
salbutamol,CC(C)(C)NCC(C1=CC(=C(C=C1)O)CO)O
teniposide,COC1=CC(=CC(=C1O)OC)C2C3C(COC3=O)C(C4=CC5=C(C=C24)OCO5)OC6C(C(C7C(O6)COC(O7)C8=CC=CS8)O)O
ebpc,CCOC(=O)C1=C(C(=O)N(C1)CC2=CC=CC=C2)O
ku-0060648,CCN1CCN(CC1)CC(=O)NC2=C3C4=CC=CC=C4SC3=C(C=C2)C5=CC=CC6=C5OC(=CC6=O)N7CCOCC7
dipyridamole,C1CCN(CC1)C2=NC(=NC3=C2N=C(N=C3N4CCCCC4)N(CCO)CCO)N(CCO)CCO
argatroban,CC1CCN(C(C1)C(=O)O)C(=O)C(CCCN=C(N)N)NS(=O)(=O)C2=CC=CC3=C2NCC(C3)C
ciprofibrate,CC(C)(C(=O)O)OC1=CC=C(C=C1)C2CC2(Cl)Cl
theophylline,CN1C2=C(C(=O)N(C1=O)C)NC=N2
penciclovir,C1=NC2=C(N1CCC(CO)CO)N=C(NC2=O)N
moxonidine,CC1=NC(=C(C(=N1)Cl)NC2=NCCN2)OC
amoxicillin,CC1(C(N2C(S1)C(C2=O)NC(=O)C(C3=CC=C(C=C3)O)N)C(=O)O)C
pifithrin-mu,C1=CC=C(C=C1)C#CS(=O)(=O)N
flecainide,C1CCNC(C1)CNC(=O)C2=C(C=CC(=C2)OCC(F)(F)F)OCC(F)(F)F
menadione,CC1=CC(=O)C2=CC=CC=C2C1=O
gatifloxacin,CC1CN(CCN1)C2=C(C=C3C(=C2OC)N(C=C(C3=O)C(=O)O)C4CC4)F
zafirlukast,CC1=CC=CC=C1S(=O)(=O)NC(=O)C2=CC(=C(C=C2)CC3=CN(C4=C3C=C(C=C4)NC(=O)OC5CCCC5)C)OC
safinamide,CC(C(=O)N)NCC1=CC=C(C=C1)OCC2=CC(=CC=C2)F
butein,C1=CC(=C(C=C1C=CC(=O)C2=C(C=C(C=C2)O)O)O)O
doxycycline,CC1C2C(C3C(C(=O)C(=C(C3(C(=O)C2=C(C4=C1C=CC=C4O)O)O)O)C(=O)N)N(C)C)O
ornidazole,CC1=NC=C(N1CC(CCl)O)[N+](=O)[O-]
febuxostat,CC1=C(SC(=N1)C2=CC(=C(C=C2)OCC(C)C)C#N)C(=O)O
ifosfamide,C1CN(P(=O)(OC1)NCCCl)CCCl
rutin,CC1C(C(C(C(O1)OCC2C(C(C(C(O2)OC3=C(OC4=CC(=CC(=C4C3=O)O)O)C5=CC(=C(C=C5)O)O)O)O)O)O)O)O
famprofazone,CC(C)C1=C(N(N(C1=O)C2=CC=CC=C2)C)CN(C)C(C)CC3=CC=CC=C3
thiotepa,C1CN1P(=S)(N2CC2)N3CC3
sulbactam,CC1(C(N2C(S1(=O)=O)CC2=O)C(=O)O)C
ivermectin,CCC(C)C1C(CCC2(O1)CC3CC(O2)CC=C(C(C(C=CC=C4COC5C4(C(C=C(C5O)C)C(=O)O3)O)C)OC6CC(C(C(O6)C)OC7CC(C(C(O7)C)O)OC)OC)C)C
gefitinib,COC1=C(C=C2C(=C1)N=CN=C2NC3=CC(=C(C=C3)F)Cl)OCCCN4CCOCC4
norethindrone,CC12CCC3C(C1CCC2(C#C)O)CCC4=CC(=O)CCC34
bicalutamide,CC(CS(=O)(=O)C1=CC=C(C=C1)F)(C(=O)NC2=CC(=C(C=C2)C#N)C(F)(F)F)O
ondansetron,CC1=NC=CN1CC2CCC3=C(C2=O)C4=CC=CC=C4N3C
trifluridine,C1C(C(OC1N2C=C(C(=O)NC2=O)C(F)(F)F)CO)O
oxybutynin,CCN(CC)CC#CCOC(=O)C(C1CCCCC1)(C2=CC=CC=C2)O
phenoxybenzamine,CC(COC1=CC=CC=C1)N(CCCl)CC2=CC=CC=C2
secoisolariciresinol,COC1=C(C=CC(=C1)CC(CO)C(CC2=CC(=C(C=C2)O)OC)CO)O
tamibarotene,CC1(CCC(C2=C1C=CC(=C2)NC(=O)C3=CC=C(C=C3)C(=O)O)(C)C)C
theobromine,CN1C=NC2=C1C(=O)NC(=O)N2C
salubrinal,C1=CC=C(C=C1)C=CC(=O)NC(C(Cl)(Cl)Cl)NC(=S)NC2=CC=CC3=C2N=CC=C3
phenytoin,C1=CC=C(C=C1)C2(C(=O)NC(=O)N2)C3=CC=CC=C3
buflomedil,COC1=CC(=C(C(=C1)OC)C(=O)CCCN2CCCC2)OC
pi-103,C1COCCN1C2=NC(=NC3=C2OC4=C3C=CC=N4)C5=CC(=CC=C5)O
clomipramine,CN(C)CCCN1C2=CC=CC=C2CCC3=C1C=C(C=C3)Cl
ritonavir,CC(C)C1=NC(=CS1)CN(C)C(=O)NC(C(C)C)C(=O)NC(CC2=CC=CC=C2)CC(C(CC3=CC=CC=C3)NC(=O)OCC4=CN=CS4)O
purmorphamine,C1CCC(CC1)N2C=NC3=C(N=C(N=C32)OC4=CC=CC5=CC=CC=C54)NC6=CC=C(C=C6)N7CCOCC7
pha-793887,CC(C)CC(=O)NC1=NNC2=C1CN(C2(C)C)C(=O)C3CCN(CC3)C
minoxidil,C1CCN(CC1)C2=NC(=N)N(C(=C2)N)O
lenalidomide,C1CC(=O)NC(=O)C1N2CC3=C(C2=O)C=CC=C3N
mesna,C(CS(=O)(=O)[O-])S.[Na+]
disulfiram,CCN(CC)C(=S)SSC(=S)N(CC)CC
ranitidine,CNC(=C[N+](=O)[O-])NCCSCC1=CC=C(O1)CN(C)C
